{"version": 2, "width": 113, "height": 13, "timestamp": 1606412255, "env": {"SHELL": "/bin/zsh", "TERM": "xterm-256color"}}
[0.357927, "o", "\u001b[1A\u001b[1B\u001b[0G\u001b[?25l"]
[0.359116, "o", "[+] Building 0.0s (0/1)                                                                                          \r\n\u001b[?25h"]
[0.510277, "o", "\u001b[1A\u001b[0G\u001b[?25l[+] Building 0.2s (2/3)                                                                                          \r\n\u001b[34m => [internal] load .dockerignore                                                                           0.1s\r\n\u001b[0m\u001b[34m => => transferring context: 2B                                                                             0.0s\r\n\u001b[0m\u001b[34m => [internal] load build definition from Dockerfile                                                        0.1s\r\n\u001b[0m\u001b[34m => => transferring dockerfile: 149B                                                                        0.0s\r\n\u001b[0m => [internal] load metadata for docker.io/library/node:15                                                  0.1s\r\n\u001b[?25h"]
[0.661545, "o", "\u001b[1A\u001b[1A\u001b[1A\u001b[1A\u001b[1A\u001b[1A\u001b[0G\u001b[?25l[+] Building 0.3s (2/3)                                                                                          \r\n\u001b[34m => [internal] load .dockerignore                                                                           0.1s\r\n\u001b[0m\u001b[34m => => transferring context: 2B                                                                             0.0s\r\n\u001b[0m\u001b[34m => [internal] load build definition from Dockerfile                                                        0.1s\r\n\u001b[0m\u001b[34m => => transferring dockerfile: 149B                                                                        0.0s\r\n\u001b[0m => [internal] load metadata for docker.io/library/node:15                                                  0.2s\r\n"]
[0.662188, "o", "\u001b[?25h"]
[0.814962, "o", "\u001b[1A\u001b[1A\u001b[1A\u001b[1A\u001b[1A\u001b[1A\u001b[0G\u001b[?25l[+] Building 0.5s (2/3)                                                                                          \r\n"]
[0.815026, "o", "\u001b[34m => [internal] load .dockerignore                                                                           0.1s\r\n\u001b[0m\u001b[34m => => transferring context: 2B                                                                             0.0s\r\n\u001b[0m\u001b[34m => [internal] load build definition from Dockerfile                                                        0.1s\r\n\u001b[0m\u001b[34m => => transferring dockerfile: 149B                                                                        0.0s\r\n\u001b[0m => [internal] load metadata for docker.io/library/node:15                                                  0.4s\r\n\u001b[?25h"]
[0.965518, "o", "\u001b[1A\u001b[1A\u001b[1A\u001b[1A\u001b[1A\u001b[1A\u001b[0G\u001b[?25l[+] Building 0.6s (2/3)                                                                                          \r\n\u001b[34m => [internal] load .dockerignore                                                                           0.1s\r\n\u001b[0m\u001b[34m => => transferring context: 2B                                                                             0.0s\r\n\u001b[0m\u001b[34m => [internal] load build definition from Dockerfile                                                        0.1s\r\n\u001b[0m\u001b[34m => => transferring dockerfile: 149B                                                                        0.0s\r\n\u001b[0m => [internal] load metadata for docker.io/library/node:15                                                  0.5s\r\n\u001b[?25h"]
[1.118192, "o", "\u001b[1A\u001b[1A\u001b[1A\u001b[1A\u001b[1A\u001b[1A\u001b[0G\u001b[?25l[+] Building 0.8s (2/3)                                                                                          \r\n\u001b[34m => [internal] load .dockerignore                                                                           0.1s\r\n\u001b[0m\u001b[34m => => transferring context: 2B                                                                             0.0s\r\n\u001b[0m\u001b[34m => [internal] load build definition from Dockerfile                                                        0.1s\r\n\u001b[0m\u001b[34m => => transferring dockerfile: 149B                                                                        0.0s\r\n\u001b[0m"]
[1.118448, "o", " => [internal] load metadata for docker.io/library/node:15                                                  0.7s\r\n\u001b[?25h"]
[1.272303, "o", "\u001b[1A\u001b[1A\u001b[1A\u001b[1A\u001b[1A\u001b[1A\u001b[0G\u001b[?25l[+] Building 0.9s (2/3)                                                                                          \r\n\u001b[34m => [internal] load .dockerignore                                                                           0.1s\r\n\u001b[0m\u001b[34m => => transferring context: 2B                                                                             0.0s\r\n\u001b[0m\u001b[34m => [internal] load build definition from Dockerfile                                                        0.1s\r\n\u001b[0m\u001b[34m => => transferring dockerfile: 149B                                                                        0.0s\r\n\u001b[0m => [internal] load metadata for docker.io/library/node:15                                                  0.8s\r\n\u001b[?25h"]
[1.426712, "o", "\u001b[1A\u001b[1A\u001b[1A\u001b[1A\u001b[1A\u001b[1A\u001b[0G\u001b[?25l[+] Building 1.1s (2/3)                                                                                          \r\n\u001b[34m => [internal] load .dockerignore                                                                           0.1s\r\n\u001b[0m\u001b[34m => => transferring context: 2B                                                                             0.0s\r\n\u001b[0m\u001b[34m => [internal] load build definition from Dockerfile                                                        0.1s\r\n\u001b[0m\u001b[34m => => transferring dockerfile: 149B                                                                        0.0s\r\n\u001b[0m => [internal] load metadata for docker.io/library/node:15                                                  1.0s\r\n\u001b[?25h"]
[1.579734, "o", "\u001b[1A\u001b[1A\u001b[1A\u001b[1A\u001b[1A\u001b[1A\u001b[0G\u001b[?25l[+] Building 1.2s (2/3)                                                                                          \r\n\u001b[34m => [internal] load .dockerignore                                                                           0.1s\r\n\u001b[0m\u001b[34m => => transferring context: 2B                                                                             0.0s\r\n\u001b[0m\u001b[34m => [internal] load build definition from Dockerfile                                                        0.1s\r\n\u001b[0m\u001b[34m => => transferring dockerfile: 149B                                                                        0.0s\r\n\u001b[0m"]
[1.579826, "o", " => [internal] load metadata for docker.io/library/node:15                                                  1.2s\r\n\u001b[?25h"]
